,Zth Estimation Error,Gt,Va Magnitude,Vb Magnitude,Vc Magnitude
0,0.257373591476082,244.94897427831782,1.0227641133946084,1.0224690361741013,1.033248749299582
1,0.257373591476082,244.94897427831782,0.9878847483420052,1.043866498410321,1.0467389865682257
2,0.22151360034886747,210.57818111209727,0.9435260259923273,1.0734581842015103,1.019196040271077
