,Zth Estimation Error,Gt,Va Magnitude,Vb Magnitude,Vc Magnitude
0,0.257373591476082,244.94897427831782,0.9814437838489339,0.9817444746902491,1.042134823877139
1,0.257373591476082,244.94897427831782,0.9980822331845977,1.003520344269162,0.9851994435618562
2,0.2139185765453276,216.5553743072369,1.0119773627013484,1.002637515782868,0.956309826311616
