,Zth Estimation Error,Gt,Va Magnitude,Vb Magnitude,Vc Magnitude
0,0.257373591476082,173.20508075688772,0.9584699216777184,0.9663867127566242,0.9569393853720264
1,0.257373591476082,173.20508075688772,0.9609920113011403,0.9657217820402498,0.9536772397585642
2,0.25561842221136527,179.7771669671984,0.9590797021909367,0.9682572030601218,0.9519171354167885
