,Zth Estimation Error,Gt,Va Magnitude,Vb Magnitude,Vc Magnitude
0,0.22582773548739846,173.20508075688772,0.9585042022904349,0.9663885848106436,0.9569684360926549
1,0.22582773548739846,173.20508075688772,0.9541278279134888,0.9699515119033302,0.9588629395125943
2,0.19579015907887437,171.54337788463945,0.9619067062128411,0.9680394755539384,0.9499718815441799
