,Zth Estimation Error,Gt,Va Magnitude,Vb Magnitude,Vc Magnitude
0,0.257373591476082,173.20508075688772,0.9589055461067382,0.966537897636799,0.9572437390013864
1,0.257373591476082,173.20508075688772,0.9622584372093025,0.9689107540598926,0.9602853261563883
2,0.257373591476082,173.20508075688772,0.9621220762862934,0.9688899166586172,0.9605135329296629
