,Zth Estimation Error,Gt,Va Magnitude,Vb Magnitude,Vc Magnitude
0,0.0,173.20508075688772,0.9571262358460586,0.9647808377122835,0.9551166985185136
1,0.0,173.20508075688772,0.9540299728545301,0.9676223319405464,0.9562553198917427
2,0.15016109768896577,175.493795775386,0.9602170825871803,0.9636347060988125,0.9517498618841311
