,Zth Estimation Error,Gt,Va Magnitude,Vb Magnitude,Vc Magnitude
0,0.128686795738041,1732.0508075688772,0.9812715811387481,0.9935072279466308,0.9826984395351066
1,0.128686795738041,1732.0508075688772,0.9799924515228368,0.9943838456184142,0.9841021488399552
2,0.14864550054140635,1731.907802319208,0.9847572847325178,0.9929179942851272,0.9894786108985424
3,0.3069443048143417,1689.6762897163842,0.974960175490055,0.9853825262095183,0.977460405282699
