,Zth Estimation Error,Gt,Va Magnitude,Vb Magnitude,Vc Magnitude
0,0.257373591476082,173.20508075688772,0.9585972772585201,0.9663090555510745,0.9569391685187102
1,0.257373591476082,173.20508075688772,0.9596431794386359,0.9657209417336495,0.9567309452867783
2,0.2550676463528024,177.26263601193537,0.9626529247336459,0.9630403687606276,0.9583344942404692
3,0.2550676463528024,177.26263601193537,0.958187069562915,0.9657734778378445,0.9567039131655742
4,0.2550676463528024,177.26263601193537,0.9633568729523636,0.962156223906937,0.9576390033010853
