,Zth Estimation Error,Gt,Va Magnitude,Vb Magnitude,Vc Magnitude
0,0.514747182952164,173.20508075688772,0.9695007204484218,0.9743896674512431,0.9676227385405143
1,0.514747182952164,173.20508075688772,0.9694072685282827,0.9742290409809788,0.9678718267633941
2,0.514747182952164,173.20508075688772,0.9692855884053674,0.9744979933064606,0.9679459406196395
