,Zth Estimation Error,Gt,Va Magnitude,Vb Magnitude,Vc Magnitude
0,0.128686795738041,1732.0508075688772,0.9810964678504582,0.9915034185961346,0.9830305647893622
1,0.128686795738041,1732.0508075688772,0.9802896193448459,0.9918497782376022,0.9840957508200424
2,0.12681540036801198,1774.635323201882,0.9803678889915974,0.9928807022913979,0.9822623398923743
3,0.12393768106505011,1762.9070923774566,0.9802392915867267,0.992412240679548,0.9826497347885264
