,Zth Estimation Error,Gt,Va Magnitude,Vb Magnitude,Vc Magnitude
0,0.128686795738041,1732.0508075688772,0.9810999934110138,0.9915983546061566,0.9830209546297026
