,Zth Estimation Error,Gt,Va Magnitude,Vb Magnitude,Vc Magnitude
0,0.0,173.20508075688772,0.9584794708473828,0.966397152210802,0.9568721184898249
1,0.0,173.20508075688772,0.9592540259976224,0.9606601189947831,0.9580143458965201
2,0.00153878580323481,173.30828199374838,0.9589872718532175,0.9655654951775604,0.9563474351144869
