,Zth Estimation Error,Gt,Va Magnitude,Vb Magnitude,Vc Magnitude
0,0.128686795738041,173.20508075688772,0.9763274737677717,0.9796877904022512,0.9750205657502983
1,0.128686795738041,173.20508075688772,0.9771002000652383,0.9802323175501928,0.9722647243465385
2,0.12779090453708206,180.0268747412901,0.980499784938708,0.9792160378719102,0.9735993074214153
