,Zth Estimation Error,Gt,Va Magnitude,Vb Magnitude,Vc Magnitude
0,0.37549668218354676,173.20508075688772,0.9591075661479087,0.9662753306249809,0.9571478940710192
1,0.37549668218354676,173.20508075688772,0.9602280912813133,0.9644956654364127,0.9594455422062869
2,0.3538989526497172,178.45934478283345,0.9564941008054342,0.9651780172672482,0.9587934448014016
