,Zth Estimation Error,Gt,Va Magnitude,Vb Magnitude,Vc Magnitude
0,0.257373591476082,173.20508075688772,0.9786558964381152,0.98891411884509,0.9802034226928855
1,0.257373591476082,173.20508075688772,0.9820904370496648,0.9827804634548958,0.9804819995784423
2,0.252346792141771,180.17146824138985,0.9830005475467267,0.9857613545525952,0.9781631802910925
