,Zth Estimation Error,Gt,Va Magnitude,Vb Magnitude,Vc Magnitude
0,0.257373591476082,173.20508075688772,0.9585716462130389,0.9663596145629255,0.9570221530309236
1,0.257373591476082,173.20508075688772,0.9576530064345655,0.9672701799437016,0.954670233964931
2,0.257373591476082,173.20508075688772,0.9560908341101158,0.96684642653958,0.9583432319043642
3,0.24668137487690758,177.99669641087598,0.9608204252675726,0.9638027775839072,0.9533415050825096
4,0.2334375394096646,182.03960895025403,0.954872758020645,0.9692618988747334,0.9561128913112948
