,Zth Estimation Error,Gt,Va Magnitude,Vb Magnitude,Vc Magnitude
0,0.257373591476082,173.20508075688772,0.9591539380271727,0.9661188506273067,0.9570599185441989
1,0.257373591476082,173.20508075688772,0.9584530681090458,0.9638879704421967,0.9562951056986088
2,0.25340161934034106,178.4931234919769,0.9592667576591195,0.9674486680117257,0.9628461342617606
