,Zth Estimation Error,Gt,Va Magnitude,Vb Magnitude,Vc Magnitude
0,0.3564008765809068,173.20508075688772,0.9585518829133458,0.9664643919863389,0.9568720541114968
1,0.3564008765809068,173.20508075688772,0.9575917589260566,0.9659002269070275,0.9603149622115539
2,0.3244466847025756,175.67419641322823,0.9604558965371194,0.965269378585885,0.9557388007049281
