,Zth Estimation Error,Gt,Va Magnitude,Vb Magnitude,Vc Magnitude
0,0.514747182952164,173.20508075688772,0.959164449483428,0.9662378446491838,0.9571885862569806
1,0.514747182952164,173.20508075688772,0.9556046269509135,0.9698335826651194,0.9550095653565356
2,0.4913012863549564,177.83883605975996,0.9599296274219062,0.9628755136506963,0.9594784886628585
