,Zth Estimation Error,Gt,Va Magnitude,Vb Magnitude,Vc Magnitude
0,0.128686795738041,1732.0508075688772,0.9816640043211708,0.9914495127582973,0.9831082084415798
1,0.128686795738041,1732.0508075688772,0.9790927059366251,0.9916655037437839,0.9823187641087631
2,0.12901694291954788,1769.40047931054,0.9831264732509744,0.9920746678328048,0.9873678843923012
3,0.1289845959055649,1847.7466526826584,0.9839368058100623,0.9924872117840593,0.9874246135586661
