,Zth Estimation Error,Gt,Va Magnitude,Vb Magnitude,Vc Magnitude
0,0.0,173.20508075688772,0.958516142776161,0.9664365847839459,0.9570027361882866
1,0.0,173.20508075688772,0.9601870500970461,0.9665952189143672,0.9552642782123056
2,0.004015607305287689,172.15927774006724,0.96109497766053,0.9662867730257465,0.9561166489726656
