,Zth Estimation Error,Gt,Va Magnitude,Vb Magnitude,Vc Magnitude
0,0.257373591476082,173.20508075688772,0.9579089390902394,0.9650694398283006,0.9557686646254925
1,0.257373591476082,173.20508075688772,0.95555647111429,0.9655279033163547,0.9585578523091255
2,0.257373591476082,173.20508075688772,0.9670487777903077,0.9647608558651073,0.9450434918032155
