,Zth Estimation Error,Gt,Va Magnitude,Vb Magnitude,Vc Magnitude
0,0.257373591476082,244.94897427831782,0.9801305980973717,1.0047131772772877,1.0158024349583865
1,0.257373591476082,244.94897427831782,1.0464191567275851,0.9838197304317842,0.9749682592056683
2,0.18811372390868086,211.1714629444059,1.054621610543573,0.9235801315713531,1.0021887641044653
