,Zth Estimation Error,Gt,Va Magnitude,Vb Magnitude,Vc Magnitude
0,0.257373591476082,1732.0508075688772,0.981228592510051,0.9913721435610582,0.9830902943246573
1,0.257373591476082,1732.0508075688772,0.9809695417408727,0.991030414923809,0.9842350180857392
2,0.24758945805892485,1701.4781835253712,0.9794870223501486,0.9931259159554162,0.9823216399564533
